id;nome;email;senha
1;Usuario 01;MariaHelena.Costa32@hotmail.com;hmph
2;Usuario 02;Marcela36@hotmail.com;before abnormally
3;Usuario 03;Benicio4@hotmail.com;tensely dowse
4;Usuario 04;JoaoPedro_Braga@bol.com.br;discipline aboard
5;Usuario 05;MariaHelena25@live.com;whoa boastfully microlending
6;Usuario 06;JoaoLucas68@gmail.com;curdle ick unfortunately
7;Usuario 07;Lorenzo69@hotmail.com;lively archer
8;Usuario 08;Feliciano_Costa95@gmail.com;unexpectedly huzzah
9;Usuario 09;Clara_Melo6@live.com;ugh spew
10;Usuario 10;Roberto_Oliveira45@gmail.com;throughout
